いち	一	一: 500, 一: 500
ひとつ	一つ	一: 500, 一: 500
ひとり	一人	一: 500, 人: 500, 一: 500
いっせん	一千	一: 500, 千: 500, 一: 500
いちがつ	一月	一: 500, 月: 500, 一: 500
いちにち	一日	一: 500, 日: 500, 一: 500
いちまん	一万	一: 500, 万: 500, 一: 500
いちだい	一台	一: 500, 台: 500, 一: 500
いちもんじ	一文字	一: 500, 文: 500, 字: 500, 一: 500
いちねんせい	一年生	一: 500, 年: 500, 生: 500, 一: 500
いっき	一気	一: 500, 気: 500, 一: 500
いっぽんぎ	一本気	一: 500, 本: 500, 気: 500, 一: 500
いちだい	一代	一: 500, 代: 500, 一: 500
いちだ	一打	一: 500, 打: 500, 一: 500
いっかい	一回	一: 500, 回: 500, 一: 500
いっしょう	一生	一: 500, 生: 500, 一: 500
いっぽ	一歩	一: 500, 歩: 1000, 一: 500
いちじ	一時	一: 500, 時: 500, 一: 500
いったい	一体	一: 500, 体: 500, 一: 500
いっきん	一斤	一: 500, 斤: None, 一: 500
いちばん	一番	一: 500, 番: 500, 一: 500
いちばんめ	一番目	一: 500, 番: 500, 目: 500, 一: 500
なな	七	七: 500, 七: 500
ななつ	七つ	七: 500, 七: 500
なのか	七日	七: 500, 日: 500, 七: 500
にまん	二万	二: 500, 万: 500, 二: 500
じゅうまん	十万	十: 500, 万: 500, 十: 500
まん	万	万: 500, 万: 500
ひゃくまん	百万	百: 500, 万: 500, 百: 500
ばんにん	万人	万: 500, 人: 500, 万: 500
さん	三	三: 500, 三: 500
みっつ	三つ	三: 500, 三: 500
さんにん	三人	三: 500, 人: 500, 三: 500
みっか	三日	三: 500, 日: 500, 三: 500
さんせい	三世	三: 500, 世: 500, 三: 500
さんかく	三角	三: 500, 角: 1000, 三: 500
さんびゃく	三百	三: 500, 百: 500, 三: 500
さんかくけい	三角形	三: 500, 角: 1000, 形: 500, 三: 500
うえ	上	上: 500, 上: 500
あげる	上げる	上: 500, 上: 500
あがる	上がる	上: 500, 上: 500
のぼる	上る	上: 500, 上: 500
じょうず	上手	上: 500, 手: 500, 上: 500
としうえ	年上	年: 500, 上: 500, 年: 500
いじょう	以上	以: 500, 上: 500, 以: 500
できあがる	出来上がる	出: 500, 来: 500, 上: 500, 出: 500
ちじょう	地上	地: 500, 上: 500, 地: 500
した	下	下: 500, 下: 500
さがる	下がる	下: 500, 下: 500
さげる	下げる	下: 500, 下: 500
ください	下さい	下: 500, 下: 500
へた	下手	下: 500, 手: 500, 下: 500
したまち	下町	下: 500, 町: 500, 下: 500
ちか	地下	地: 500, 下: 500, 地: 500
としした	年下	年: 500, 下: 500, 年: 500
いか	以下	以: 500, 下: 500, 以: 500
ちかてつ	地下鉄	地: 500, 下: 500, 鉄: 1000, 地: 500
ふそく	不足	不: 500, 足: 500, 不: 500
ふせい	不正	不: 500, 正: 500, 不: 500
ふあん	不安	不: 500, 安: 500, 不: 500
ふめい	不明	不: 500, 明: 500, 不: 500
ふにんき	不人気	不: 500, 人: 500, 気: 500, 不: 500
ふじゆう	不自由	不: 500, 自: 500, 由: 500, 不: 500
よ	世	世: 500, 世: 500
にせい	二世	二: 500, 世: 500, 二: 500
よのなか	世の中	世: 500, 中: 500, 世: 500
せかい	世界	世: 500, 界: 500, 世: 500
りょうて	両手	両: 500, 手: 500, 両: 500
りょうじつ	両日	両: 500, 日: 500, 両: 500
りょうほう	両方	両: 500, 方: 500, 両: 500
しゃりょう	車両	車: 500, 両: 500, 車: 500
りょうしゃ	両者	両: 500, 者: 500, 両: 500
なか	中	中: 500, 中: 500
なかなか	中々	中: 500, 中: 500
すいちゅう	水中	水: 500, 中: 500, 水: 500
ちゅうし	中止	中: 500, 止: 500, 中: 500
ちゅうこ	中古	中: 500, 古: 1000, 中: 500
ねんじゅう	年中	年: 500, 中: 500, 年: 500
ちゅうおう	中央	中: 500, 央: 1000, 中: 500
ちゅうごく	中国	中: 500, 国: 500, 中: 500
ちゅうとう	中東	中: 500, 東: 500, 中: 500
ちちゅう	地中	地: 500, 中: 500, 地: 500
ちゅうがくせい	中学生	中: 500, 学: 500, 生: 500, 中: 500
ちちゅうかい	地中海	地: 500, 中: 500, 海: 500, 地: 500
ちゅうがっこう	中学校	中: 500, 学: 500, 校: 500, 中: 500
しゅうちゅう	集中	集: 500, 中: 500, 集: 500
おもに	主に	主: 500, 主: 500
しゅじん	主人	主: 500, 人: 500, 主: 500
くんしゅこく	君主国	君: 1000, 主: 500, 国: 500, 君: 1000
しゅご	主語	主: 500, 語: 500, 主: 500
のる	乗る	乗: 500, 乗: 500
のせる	乗せる	乗: 500, 乗: 500
きゅう	九	九: 500, 九: 500
ここのつ	九つ	九: 500, 九: 500
ここのか	九日	九: 500, 日: 500, 九: 500
きゅうしゅう	九州	九: 500, 州: 500, 九: 500
よてい	予定	予: 500, 定: 500, 予: 500
こと	事	事: 500, 事: 500
ようじ	用事	用: 500, 事: 500, 用: 500
こうじ	工事	工: 500, 事: 500, 工: 500
だいじ	大事	大: 500, 事: 500, 大: 500
へんじ	返事	返: 1000, 事: 500, 返: 1000
しょくじ	食事	食: 500, 事: 500, 食: 500
じじつ	事実	事: 500, 実: 500, 事: 500
きじ	記事	記: 500, 事: 500, 記: 500
かじ	火事	火: 1000, 事: 500, 火: 1000
かじ	家事	家: 500, 事: 500, 家: 500
に	二	二: 500, 二: 500
ふたつ	二つ	二: 500, 二: 500
ふたり	二人	二: 500, 人: 500, 二: 500
にがつ	二月	二: 500, 月: 500, 二: 500
ふつか	二日	二: 500, 日: 500, 二: 500
にだい	二台	二: 500, 台: 500, 二: 500
にひゃく	二百	二: 500, 百: 500, 二: 500
はつか	二十日	二: 500, 十: 500, 日: 500, 二: 500
よんじゅうに	四十二	四: 500, 十: 500, 二: 500, 四: 500
にじはん	二時半	二: 500, 時: 500, 半: 500, 二: 500
にきん	二斤	二: 500, 斤: None, 二: 500
にばん	二番	二: 500, 番: 500, 二: 500
にじゅう	二重	二: 500, 重: 500, 二: 500
ごがつ	五月	五: 500, 月: 500, 五: 500
いつか	五日	五: 500, 日: 500, 五: 500
ごじゅう	五十	五: 500, 十: 500, 五: 500
いつつ	五つ	五: 500, 五: 500
ご	五	五: 500, 五: 500
ごだい	五台	五: 500, 台: 500, 五: 500
ごひゃく	五百	五: 500, 百: 500, 五: 500
まぜる	交ぜる	交: 500, 交: 500
がいこう	外交	外: 500, 交: 500, 外: 500
こうつう	交通	交: 500, 通: 500, 交: 500
こうばん	交番	交: 500, 番: 500, 交: 500
まじる	交じる	交: 500, 交: 500
まじわる	交わる	交: 500, 交: 500
とうきょう	東京	東: 500, 京: 500, 東: 500
ひと	人	人: 500, 人: 500
おとな	大人	大: 500, 人: 500, 大: 500
じんこう	人口	人: 500, 口: 500, 人: 500
じんこう	人工	人: 500, 工: 500, 人: 500
はくじん	白人	白: 500, 人: 500, 白: 500
ひとびと	人々	人: 500, 人: 500
あめりかじん	アメリカ人	人: 500
ふらんすじん	フランス人	人: 500
ゆうじん	友人	友: 1000, 人: 500, 友: 1000
がいじん	外人	外: 500, 人: 500, 外: 500
じんせい	人生	人: 500, 生: 500, 人: 500
いぎりすじん	イギリス人	人: 500
にん	〜人	人: 500
おとなしい	大人しい	大: 500, 人: 500, 大: 500
おんなのひと	女の人	女: 500, 人: 500, 女: 500
めいじん	名人	名: 500, 人: 500, 名: 500
にんき	人気	人: 500, 気: 500, 人: 500
むらびと	村人	村: 500, 人: 500, 村: 500
たにん	他人	他: 1000, 人: 500, 他: 1000
なんにん	何人	何: 500, 人: 500, 何: 500
おとこのひと	男の人	男: 500, 人: 500, 男: 500
がいこくじん	外国人	外: 500, 国: 500, 人: 500, 外: 500
こくじん	黒人	黒: 1000, 人: 500, 黒: 1000
にんぎょう	人形	人: 500, 形: 500, 人: 500
じゅうにん	住人	住: 500, 人: 500, 住: 500
やくにん	役人	役: 500, 人: 500, 役: 500
にんげん	人間	人: 500, 間: 500, 人: 500
にんずう	人数	人: 500, 数: 500, 人: 500
びじん	美人	美: 500, 人: 500, 美: 500
てつじん	鉄人	鉄: 1000, 人: 500, 鉄: 1000
びょうにん	病人	病: 500, 人: 500, 病: 500
きゅうじん	求人	求: 500, 人: 500, 求: 500
いま	今	今: 500, 今: 500
きょう	今日	今: 500, 日: 500, 今: 500
こんげつ	今月	今: 500, 月: 500, 今: 500
こんかい	今回	今: 500, 回: 500, 今: 500
いままで	今まで	今: 500, 今: 500
いますぐ	今すぐ	今: 500, 今: 500
こんや	今夜	今: 500, 夜: 500, 今: 500
ことし	今年	今: 500, 年: 500, 今: 500
こんしゅう	今週	今: 500, 週: 1000, 今: 500
こんど	今度	今: 500, 度: 500, 今: 500
けさ	今朝	今: 500, 朝: 500, 今: 500
しかた	仕方	仕: 500, 方: 500, 仕: 500
しぐさ	仕草	仕: 500, 草: 1000, 仕: 500
しかたがない	仕方がない	仕: 500, 方: 500, 仕: 500
つける	付ける	付: 500, 付: 500
きをつけて	気を付けて	気: 500, 付: 500, 気: 500
つく	付く	付: 500, 付: 500
みつける	見付ける	見: 500, 付: 500, 見: 500
ふきん	付近	付: 500, 近: 500, 付: 500
かおつき	顔付き	顔: 1000, 付: 500, 顔: 1000
なげつける	投げ付ける	投: 500, 付: 500, 投: 500
かわる	代わる	代: 500, 代: 500
だいよう	代用	代: 500, 用: 500, 代: 500
かわり	代わり	代: 500, 代: 500
かえる	代える	代: 500, 代: 500
じだい	時代	時: 500, 代: 500, 時: 500
いがい	以外	以: 500, 外: 500, 以: 500
いぜん	以前	以: 500, 前: 500, 以: 500
いご	以後	以: 500, 後: 500, 以: 500
たいかい	大会	大: 500, 会: 500, 大: 500
あう	会う	会: 500, 会: 500
かいしゃ	会社	会: 500, 社: 500, 会: 500
かい	会	会: 500, 会: 500
しゃかい	社会	社: 500, 会: 500, 社: 500
かいわ	会話	会: 500, 話: 500, 会: 500
であう	出会う	出: 500, 会: 500, 出: 500
すむ	住む	住: 500, 住: 500
じゅうしょ	住所	住: 500, 所: 500, 住: 500
じゅうみん	住民	住: 500, 民: 500, 住: 500
からだ	体	体: 500, 体: 500
たいりょく	体力	体: 500, 力: 500, 体: 500
たいない	体内	体: 500, 内: 500, 体: 500
だいたい	大体	大: 500, 体: 500, 大: 500
したい	死体	死: 500, 体: 500, 死: 500
せんたい	船体	船: 1000, 体: 500, 船: 1000
しんたい	身体	身: 500, 体: 500, 身: 500
たいじゅう	体重	体: 500, 重: 500, 体: 500
たいけん	体験	体: 500, 験: 500, 体: 500
なんぜん	何千	何: 500, 千: 500, 何: 500
なに	何	何: 500, 何: 500
なんがつ	何月	何: 500, 月: 500, 何: 500
なんにち	何日	何: 500, 日: 500, 何: 500
なんねん	何年	何: 500, 年: 500, 何: 500
なんかい	何回	何: 500, 回: 500, 何: 500
なんじ	何時	何: 500, 時: 500, 何: 500
なんど	何度	何: 500, 度: 500, 何: 500
つくる	作る	作: 500, 作: 500
さくぶん	作文	作: 500, 文: 500, 作: 500
さよう	作用	作: 500, 用: 500, 作: 500
こうさく	工作	工: 500, 作: 500, 工: 500
たいさく	大作	大: 500, 作: 500, 大: 500
さっか	作家	作: 500, 家: 500, 作: 500
てづくり	手作り	手: 500, 作: 500, 手: 500
つくりかた	作り方	作: 500, 方: 500, 作: 500
さくしゃ	作者	作: 500, 者: 500, 作: 500
さぎょう	作業	作: 500, 業: 500, 作: 500
つかう	使う	使: 500, 使: 500
てんし	天使	天: 1000, 使: 500, 天: 1000
しよう	使用	使: 500, 用: 500, 使: 500
ほじ	保持	保: 500, 持: 500, 保: 500
せいほ	生保	生: 500, 保: 500, 生: 500
たもつ	保つ	保: 500, 保: 500
もと	元	元: 500, 元: 500
げんき	元気	元: 500, 気: 500, 元: 500
まず	先ず	先: 500, 先: 500
さき	先	先: 500, 先: 500
せんせんげつ	先々月	先: 500, 月: 500, 先: 500
せんげつ	先月	先: 500, 月: 500, 先: 500
せんじつ	先日	先: 500, 日: 500, 先: 500
せんせい	先生	先: 500, 生: 500, 先: 500
せんしゅう	先週	先: 500, 週: 1000, 先: 500
さきまわり	先回り	先: 500, 回: 500, 先: 500
はいる	入る	入: 500, 入: 500
いれる	入れる	入: 500, 入: 500
いりぐち	入り口	入: 500, 口: 500, 入: 500
にゅうりょく	入力	入: 500, 力: 500, 入: 500
きにいる	気に入る	気: 500, 入: 500, 気: 500
にゅうがく	入学	入: 500, 学: 500, 入: 500
にゅうしゃ	入社	入: 500, 社: 500, 入: 500
にゅうじょう	入場	入: 500, 場: 500, 入: 500
にゅうしょ	入所	入: 500, 所: 500, 入: 500
にゅういん	入院	入: 500, 院: 500, 入: 500
すべて	全て	全: 500, 全: 500
ぜんりょく	全力	全: 500, 力: 500, 全: 500
ぜんにほん	全日本	全: 500, 日: 500, 本: 500, 全: 500
あんぜん	安全	安: 500, 全: 500, 安: 500
ぜんこく	全国	全: 500, 国: 500, 全: 500
ぜんしん	全身	全: 500, 身: 500, 全: 500
ぜんべい	全米	全: 500, 米: 500, 全: 500
まったく	全く	全: 500, 全: 500
ぜんぶ	全部	全: 500, 部: 500, 全: 500
はち	八	八: 500, 八: 500
やっつ	八つ	八: 500, 八: 500
ようか	八日	八: 500, 日: 500, 八: 500
こうよう	公用	公: 500, 用: 500, 公: 500
こうしゃ	公社	公: 500, 社: 500, 公: 500
こうかい	公開	公: 500, 開: 500, 公: 500
むっつ	六つ	六: 500, 六: 500
ろくがつ	六月	六: 500, 月: 500, 六: 500
むいか	六日	六: 500, 日: 500, 六: 500
じゅうろく	十六	十: 500, 六: 500, 十: 500
ろく	六	六: 500, 六: 500
うち	内	内: 500, 内: 500
ねんない	年内	年: 500, 内: 500, 年: 500
しゃない	車内	車: 500, 内: 500, 車: 500
しゃない	社内	社: 500, 内: 500, 社: 500
えん	〜円	円: 500
せんえん	千円	千: 500, 円: 500, 千: 500
まるい	円い	円: 500, 円: 500
せんえんさつ	千円札	千: 500, 円: 500, 札: 1000, 千: 500
うつす	写す	写: 500, 写: 500
うつる	写る	写: 500, 写: 500
だす	出す	出: 500, 出: 500
でる	出る	出: 500, 出: 500
でぐち	出口	出: 500, 口: 500, 出: 500
でかける	出かける	出: 500, 出: 500
しゅっけつ	出血	出: 500, 血: 1000, 出: 500
できる	出来る	出: 500, 来: 500, 出: 500
しゅっしょ	出所	出: 500, 所: 500, 出: 500
おもいで	思い出	思: 500, 出: 500, 思: 500
おもいだす	思い出す	思: 500, 出: 500, 思: 500
しゅっぱつ	出発	出: 500, 発: 500, 出: 500
はんぶん	半分	半: 500, 分: 500, 半: 500
わかる	分かる	分: 500, 分: 500
わける	分ける	分: 500, 分: 500
ふん	分	分: 500, 分: 500
きぶん	気分	気: 500, 分: 500, 気: 500
みわける	見分ける	見: 500, 分: 500, 見: 500
ひきわけ	引き分け	引: 500, 分: 500, 引: 500
たぶん	多分	多: 500, 分: 500, 多: 500
じぶん	自分	自: 500, 分: 500, 自: 500
ぶぶん	部分	部: 500, 分: 500, 部: 500
きれる	切れる	切: 500, 切: 500
たいせつ	大切	大: 500, 切: 500, 大: 500
きる	切る	切: 500, 切: 500
きって	切手	切: 500, 手: 500, 切: 500
しんせつ	親切	親: 500, 切: 500, 親: 500
まえ	前	前: 500, 前: 500
ごぜん	午前	午: 500, 前: 500, 午: 500
このまえ	この前	前: 500
なまえ	名前	名: 500, 前: 500, 名: 500
ぜんかい	前回	前: 500, 回: 500, 前: 500
おまえ	お前	前: 500
あたりまえ	当たり前	当: 500, 前: 500, 当: 500
ちから	力	力: 500, 力: 500
きょうりょく	強力	強: 500, 力: 500, 強: 500
ばりき	馬力	馬: 1000, 力: 500, 馬: 1000
じょりょく	助力	助: 500, 力: 500, 助: 500
でんりょく	電力	電: 500, 力: 500, 電: 500
じつりょく	実力	実: 500, 力: 500, 実: 500
たすける	助ける	助: 500, 助: 500
じょげん	助言	助: 500, 言: 500, 助: 500
じょしゅ	助手	助: 500, 手: 500, 助: 500
たすかる	助かる	助: 500, 助: 500
しょうぶ	勝負	勝: 500, 負: 500, 勝: 500
かつ	勝つ	勝: 500, 勝: 500
しょうしゃ	勝者	勝: 500, 者: 500, 勝: 500
ひっしょう	必勝	必: 500, 勝: 500, 必: 500
らくしょう	楽勝	楽: 500, 勝: 500, 楽: 500
ぶんか	文化	文: 500, 化: 500, 文: 500
ばける	化ける	化: 500, 化: 500
しんか	進化	進: 500, 化: 500, 進: 500
ばかす	化かす	化: 500, 化: 500
きた	北	北: 500, 北: 500
ほくせい	北西	北: 500, 西: 500, 北: 500
とうほく	東北	東: 500, 北: 500, 東: 500
ほっかいどう	北海道	北: 500, 海: 500, 道: 500, 北: 500
いだい	医大	医: 500, 大: 500, 医: 500
いがく	医学	医: 500, 学: 500, 医: 500
いしゃ	医者	医: 500, 者: 500, 医: 500
めいしゃ	目医者	目: 500, 医: 500, 者: 500, 目: 500
じゅう	十	十: 500, 十: 500
じゅうがつ	十月	十: 500, 月: 500, 十: 500
とおか	十日	十: 500, 日: 500, 十: 500
じゅうだい	十台	十: 500, 台: 500, 十: 500
よんじゅう	四十	四: 500, 十: 500, 四: 500
せん	千	千: 500, 千: 500
よんせん	四千	四: 500, 千: 500, 四: 500
ちば	千葉	千: 500, 葉: 500, 千: 500
ごご	午後	午: 500, 後: 500, 午: 500
はん	半	半: 500, 半: 500
なんとう	南東	南: 500, 東: 500, 南: 500
みなみ	南	南: 500, 南: 500
なんべい	南米	南: 500, 米: 500, 南: 500
みなみぐち	南口	南: 500, 口: 500, 南: 500
きょねん	去年	去: 500, 年: 500, 去: 500
はんたい	反対	反: 500, 対: 500, 反: 500
うける	受ける	受: 500, 受: 500
じゅけん	受験	受: 500, 験: 500, 受: 500
くち	口	口: 500, 口: 500
とぐち	戸口	戸: 1000, 口: 500, 戸: 1000
はやくち	早口	早: 500, 口: 500, 早: 500
ひがしぐち	東口	東: 500, 口: 500, 東: 500
くちょう	口調	口: 500, 調: 500, 口: 500
だい	〜台	台: 500
たいふう	台風	台: 500, 風: 1000, 台: 500
だいどころ	台所	台: 500, 所: 500, 台: 500
おなじ	同じ	同: 500, 同: 500
どうじつ	同日	同: 500, 日: 500, 同: 500
どうじ	同時	同: 500, 時: 500, 同: 500
みょうじ	名字	名: 500, 字: 500, 名: 500
な	名	名: 500, 名: 500
めいきょく	名曲	名: 500, 曲: 1000, 名: 500
ゆうめい	有名	有: 500, 名: 500, 有: 500
しめい	氏名	氏: 500, 名: 500, 氏: 500
めいしょ	名所	名: 500, 所: 500, 名: 500
めいぶつ	名物	名: 500, 物: 500, 名: 500
なごや	名古屋	名: 500, 古: 1000, 屋: 1000, 名: 500
かな	仮名	仮: 1500, 名: 500, 仮: 1500
ほうこう	方向	方: 500, 向: 500, 方: 500
むく	向く	向: 500, 向: 500
むこう	向こう	向: 500, 向: 500
むける	向ける	向: 500, 向: 500
むけ	〜向け	向: 500
わふう	和風	和: 500, 風: 1000, 和: 500
へいわ	平和	平: 500, 和: 500, 平: 500
わしょく	和食	和: 500, 食: 500, 和: 500
わしつ	和室	和: 500, 室: 1000, 和: 500
わふく	和服	和: 500, 服: 1000, 和: 500
よん	四	四: 500, 四: 500
しがつ	四月	四: 500, 月: 500, 四: 500
よっか	四日	四: 500, 日: 500, 四: 500
よっつ	四つ	四: 500, 四: 500
よんひゃく	四百	四: 500, 百: 500, 四: 500
しかく	四角	四: 500, 角: 1000, 四: 500
しこく	四国	四: 500, 国: 500, 四: 500
かい	〜回	回: 500
まわる	回る	回: 500, 回: 500
まいかい	毎回	毎: 500, 回: 500, 毎: 500
じかい	次回	次: 500, 回: 500, 次: 500
はしりまわる	走り回る	走: 1000, 回: 500, 走: 1000
まわす	回す	回: 500, 回: 500
かいてん	回転	回: 500, 転: 500, 回: 500
くに	国	国: 500, 国: 500
てんごく	天国	天: 1000, 国: 500, 天: 1000
がいこく	外国	外: 500, 国: 500, 外: 500
べいこく	米国	米: 500, 国: 500, 米: 500
こくほう	国宝	国: 500, 宝: 1500, 国: 500
こくおう	国王	国: 500, 王: 1000, 国: 500
こくみん	国民	国: 500, 民: 500, 国: 500
つち	土	土: 500, 土: 500
とち	土地	土: 500, 地: 500, 土: 500
どせい	土星	土: 500, 星: 1000, 土: 500
ち	地	地: 500, 地: 500
ちず	地図	地: 500, 図: 1000, 地: 500
くさち	草地	草: 1000, 地: 500, 草: 1000
ちり	地理	地: 500, 理: 500, 地: 500
きじ	生地	生: 500, 地: 500, 生: 500
ろじ	路地	路: 1000, 地: 500, 路: 1000
ばしょ	場所	場: 500, 所: 500, 場: 500
こうじょう	工場	工: 500, 場: 500, 工: 500
やくば	役場	役: 500, 場: 500, 役: 500
のうじょう	農場	農: 500, 場: 500, 農: 500
こえ	声	声: 500, 声: 500
おおごえ	大声	大: 500, 声: 500, 大: 500
こごえ	小声	小: 500, 声: 500, 小: 500
うる	売る	売: 500, 売: 500
はつばい	発売	発: 500, 売: 500, 発: 500
うれる	売れる	売: 500, 売: 500
そと	外	外: 500, 外: 500
はずれ	外れ	外: 500, 外: 500
はずれる	外れる	外: 500, 外: 500
がいらい	外来	外: 500, 来: 500, 外: 500
かいがい	海外	海: 500, 外: 500, 海: 500
たいがい	対外	対: 500, 外: 500, 対: 500
がいらいご	外来語	外: 500, 来: 500, 語: 500, 外: 500
おおい	多い	多: 500, 多: 500
よる	夜	夜: 500, 夜: 500
おおきい	大きい	大: 500, 大: 500
おおきさ	大きさ	大: 500, 大: 500
たいした	大した	大: 500, 大: 500
たいき	大気	大: 500, 気: 500, 大: 500
だいがく	大学	大: 500, 学: 500, 大: 500
おおもじ	大文字	大: 500, 文: 500, 字: 500, 大: 500
だいがくせい	大学生	大: 500, 学: 500, 生: 500, 大: 500
おおきく	大きく	大: 500, 大: 500
おおぞら	大空	大: 500, 空: 500, 大: 500
たいやく	大役	大: 500, 役: 500, 大: 500
しりつだいがく	私立大学	私: 500, 立: 500, 大: 500, 学: 500, 私: 500
しだい	私大	私: 500, 大: 500, 私: 500
だいがくいん	大学院	大: 500, 学: 500, 院: 500, 大: 500
うしなう	失う	失: 500, 失: 500
しつれい	失礼	失: 500, 礼: 1500, 失: 500
おんな	女	女: 500, 女: 500
おんなのこ	女の子	女: 500, 子: 500, 女: 500
じょし	女子	女: 500, 子: 500, 女: 500
じょおう	女王	女: 500, 王: 1000, 女: 500
おうじょ	王女	王: 1000, 女: 500, 王: 1000
しょうじょ	少女	少: 500, 女: 500, 少: 500
はじめる	始める	始: 500, 始: 500
かいし	開始	開: 500, 始: 500, 開: 500
こ	子	子: 500, 子: 500
こいぬ	子犬	子: 500, 犬: 1500, 子: 500
おうじ	王子	王: 1000, 子: 500, 王: 1000
たけのこ	竹の子	竹: 1000, 子: 500, 竹: 1000
こうし	子牛	子: 500, 牛: 1500, 子: 500
おとこのこ	男の子	男: 500, 子: 500, 男: 500
でんし	電子	電: 500, 子: 500, 電: 500
ちょうし	調子	調: 500, 子: 500, 調: 500
じ	字	字: 500, 字: 500
ふとじ	太字	太: 1000, 字: 500, 太: 1000
もじ	文字	文: 500, 字: 500, 文: 500
こもじ	小文字	小: 500, 文: 500, 字: 500, 小: 500
すうじ	数字	数: 500, 字: 500, 数: 500
えもじ	絵文字	絵: 1000, 文: 500, 字: 500, 絵: 1000
かんじ	漢字	漢: 1500, 字: 500, 漢: 1500
あてじ	当て字	当: 500, 字: 500, 当: 500
まなぶ	学ぶ	学: 500, 学: 500
がくせい	学生	学: 500, 生: 500, 学: 500
がくねん	学年	学: 500, 年: 500, 学: 500
こうがく	工学	工: 500, 学: 500, 工: 500
きゅうがく	休学	休: 1000, 学: 500, 休: 1000
こうこがく	考古学	考: 500, 古: 1000, 学: 500, 考: 500
ぶんがく	文学	文: 500, 学: 500, 文: 500
かがく	科学	科: 1000, 学: 500, 科: 1000
がっこう	学校	学: 500, 校: 500, 学: 500
しんりがく	心理学	心: 500, 理: 500, 学: 500, 心: 500
しょうがくせい	小学生	小: 500, 学: 500, 生: 500, 小: 500
がくしゃ	学者	学: 500, 者: 500, 学: 500
こうがくしゃ	工学者	工: 500, 学: 500, 者: 500, 工: 500
すうがく	数学	数: 500, 学: 500, 数: 500
しょうがっこう	小学校	小: 500, 学: 500, 校: 500, 小: 500
がくいん	学院	学: 500, 院: 500, 学: 500
やすい	安い	安: 500, 安: 500
あんしん	安心	安: 500, 心: 500, 安: 500
へいあん	平安	平: 500, 安: 500, 平: 500
けってい	決定	決: 500, 定: 500, 決: 500
かてい	仮定	仮: 1500, 定: 500, 仮: 1500
さんていする	算定する	算: 500, 定: 500, 算: 500
じつ	実	実: 500, 実: 500
じっけん	実験	実: 500, 験: 500, 実: 500
いえ	家	家: 500, 家: 500
かぐ	家具	家: 500, 具: 1000, 家: 500
たいする	対する	対: 500, 対: 500
たいりつ	対立	対: 500, 立: 500, 対: 500
たいだん	対談	対: 500, 談: 500, 対: 500
ちいさい	小さい	小: 500, 小: 500
こざら	小皿	小: 500, 皿: 2000, 小: 500
すこし	少し	少: 500, 少: 500
すくない	少ない	少: 500, 少: 500
しょうねん	少年	少: 500, 年: 500, 少: 500
きょく	局	局: 500, 局: 500
しきょく	支局	支: 500, 局: 500, 支: 500
やま	山	山: 500, 山: 500
ふじさん	ふじ山	山: 500
かざん	火山	火: 1000, 山: 500, 火: 1000
かわ	川	川: 500, 川: 500
しゅう	州	州: 500, 州: 500
ほんしゅう	本州	本: 500, 州: 500, 本: 500
こうぎょう	工業	工: 500, 業: 500, 工: 500
し	市	市: 500, 市: 500
しりつ	市立	市: 500, 立: 500, 市: 500
しあとるし	シアトル市	市: 500
へいき	平気	平: 500, 気: 500, 平: 500
たいら	平ら	平: 500, 平: 500
へいじつ	平日	平: 500, 日: 500, 平: 500
にせんじゅういちねん	２０１１年	年: 500
とし	年	年: 500, 年: 500
こうねん	光年	光: 1000, 年: 500, 光: 1000
まいとし	毎年	毎: 500, 年: 500, 毎: 500
せいねん	青年	青: 1000, 年: 500, 青: 1000
らいねん	来年	来: 500, 年: 500, 来: 500
ねんらい	〜年来	年: 500, 来: 500
きんねん	近年	近: 500, 年: 500, 近: 500
ねんじ	年次	年: 500, 次: 500, 年: 500
ねんまつ	年末	年: 500, 末: 500, 年: 500
すうねん	数年	数: 500, 年: 500, 数: 500
しんねん	新年	新: 500, 年: 500, 新: 500
ひろい	広い	広: 500, 広: 500
ひろがる	広がる	広: 500, 広: 500
みせ	店	店: 500, 店: 500
してん	支店	支: 500, 店: 500, 支: 500
ちょうど	丁度	丁: 1500, 度: 500, 丁: 1500
まいど	毎度	毎: 500, 度: 500, 毎: 500
かくど	角度	角: 1000, 度: 500, 角: 1000
ど	〜度	度: 500
そくど	速度	速: 1000, 度: 500, 速: 1000
ひく	引く	引: 500, 引: 500
ひきざん	引き算	引: 500, 算: 500, 引: 500
つよい	強い	強: 500, 強: 500
きょうちょう	強調	強: 500, 調: 500, 強: 500
あたる	当たる	当: 500, 当: 500
あたり	当たり	当: 500, 当: 500
ほんとう	本当	本: 500, 当: 500, 本: 500
ほんとうに	本当に	本: 500, 当: 500, 本: 500
みあたる	見当たる	見: 500, 当: 500, 見: 500
あてる	当てる	当: 500, 当: 500
けい	〜形	形: 500
かたち	形	形: 500, 形: 500
かつようけい	活用形	活: 500, 用: 500, 形: 500, 活: 500
はーとがた	ハート形	形: 500
やく	役	役: 500, 役: 500
やくにたつ	役に立つ	役: 500, 立: 500, 役: 500
やくめ	役目	役: 500, 目: 500, 役: 500
うしろ	後ろ	後: 500, 後: 500
あとで	後で	後: 500, 後: 500
さいご	最後	最: 500, 後: 500, 最: 500
こころ	心	心: 500, 心: 500
さとごころ	里心	里: 1500, 心: 500, 里: 1500
しんり	心理	心: 500, 理: 500, 心: 500
けっしん	決心	決: 500, 心: 500, 決: 500
しんしん	心身	心: 500, 身: 500, 心: 500
しんぱい	心配	心: 500, 配: 500, 心: 500
かならず	必ず	必: 500, 必: 500
ひっし	必死	必: 500, 死: 500, 必: 500
ひつよう	必要	必: 500, 要: 500, 必: 500
おもう	思う	思: 500, 思: 500
おもわず	思わず	思: 500, 思: 500
ところ	所	所: 500, 所: 500
たしょ	他所	他: 1000, 所: 500, 他: 1000
けんきゅうしょ	研究所	研: 500, 究: 500, 所: 500, 研: 500
きんじょ	近所	近: 500, 所: 500, 近: 500
て	手	手: 500, 手: 500
みぎて	右手	右: 1000, 手: 500, 右: 1000
ひだりて	左手	左: 1000, 手: 500, 左: 1000
てくび	手首	手: 500, 首: 500, 手: 500
てがみ	手紙	手: 500, 紙: 1000, 手: 500
とうしゅ	投手	投: 500, 手: 500, 投: 500
あいて	相手	相: 500, 手: 500, 相: 500
かしゅ	歌手	歌: 1000, 手: 500, 歌: 1000
うつ	打つ	打: 500, 打: 500
みみうち	耳打ち	耳: 1500, 打: 500, 耳: 1500
なげる	投げる	投: 500, 投: 500
もつ	持つ	持: 500, 持: 500
ささえる	支える	支: 500, 支: 500
おしえる	教える	教: 500, 教: 500
きょうしつ	教室	教: 500, 室: 1000, 教: 500
おしえ	教え	教: 500, 教: 500
かぞえる	数える	数: 500, 数: 500
かず	数	数: 500, 数: 500
てんすう	点数	点: 500, 数: 500, 点: 500
さんすう	算数	算: 500, 数: 500, 算: 500
ぶん	文	文: 500, 文: 500
あたらしい	新しい	新: 500, 新: 500
しんぶん	新聞	新: 500, 聞: 500, 新: 500
かた	方	方: 500, 方: 500
みかた	見方	見: 500, 方: 500, 見: 500
とうほう	東方	東: 500, 方: 500, 東: 500
ほうげん	方言	方: 500, 言: 500, 方: 500
かんがえかた	考え方	考: 500, 方: 500, 考: 500
いいかた	言い方	言: 500, 方: 500, 言: 500
よみかた	読み方	読: 1000, 方: 500, 読: 1000
ひ	日	日: 500, 日: 500
にほん	日本	日: 500, 本: 500, 日: 500
きゅうじつ	休日	休: 1000, 日: 500, 休: 1000
にっこう	日光	日: 500, 光: 1000, 日: 500
まいにち	毎日	毎: 500, 日: 500, 毎: 500
きんじつ	近日	近: 500, 日: 500, 近: 500
にっき	日記	日: 500, 記: 500, 日: 500
あさひ	朝日	朝: 500, 日: 500, 朝: 500
あした	明日	明: 500, 日: 500, 明: 500
にほんしゅ	日本酒	日: 500, 本: 500, 酒: 1500, 日: 500
にほんご	日本語	日: 500, 本: 500, 語: 500, 日: 500
はやい	早い	早: 500, 早: 500
そうそう	早々	早: 500, 早: 500
はやく	早く	早: 500, 早: 500
さっそく	早速	早: 500, 速: 1000, 早: 500
あかるい	明るい	明: 500, 明: 500
きゅうめい	究明	究: 500, 明: 500, 究: 500
とき	時	時: 500, 時: 500
じ	〜時	時: 500
じかん	時間	時: 500, 間: 500, 時: 500
さいしゅう	最終	最: 500, 終: 500, 最: 500
もっとも	最も	最: 500, 最: 500
さいこう	最高	最: 500, 高: 500, 最: 500
さいきん	最近	最: 500, 近: 500, 最: 500
つき	月	月: 500, 月: 500
つきみ	月見	月: 500, 見: 500, 月: 500
げっこう	月光	月: 500, 光: 1000, 月: 500
まいつき	毎月	毎: 500, 月: 500, 毎: 500
らいげつ	来月	来: 500, 月: 500, 来: 500
げつまつ	月末	月: 500, 末: 500, 月: 500
ある	有る	有: 500, 有: 500
あさ	朝	朝: 500, 朝: 500
あさごはん	朝ごはん	朝: 500, 朝: 500
まいあさ	毎朝	毎: 500, 朝: 500, 毎: 500
き	木	木: 500, 木: 500
すえ	末	末: 500, 末: 500
しゅうまつ	週末	週: 1000, 末: 500, 週: 1000
ほん	本	本: 500, 本: 500
ほんき	本気	本: 500, 気: 500, 本: 500
ほんしゃ	本社	本: 500, 社: 500, 本: 500
ほんらい	本来	本: 500, 来: 500, 本: 500
ほんや	本屋	本: 500, 屋: 1000, 本: 500
むら	村	村: 500, 村: 500
くる	来る	来: 500, 来: 500
こらい	古来	古: 1000, 来: 500, 古: 1000
みらい	未来	未: 1000, 来: 500, 未: 1000
らいしゅう	来週	来: 500, 週: 1000, 来: 500
ひがし	東	東: 500, 東: 500
こうこう	高校	高: 500, 校: 500, 高: 500
こうこうせい	高校生	高: 500, 校: 500, 生: 500, 高: 500
かいぎょう	開業	開: 500, 業: 500, 開: 500
のうぎょう	農業	農: 500, 業: 500, 農: 500
たのしい	楽しい	楽: 500, 楽: 500
おんがく	音楽	音: 500, 楽: 500, 音: 500
らく	楽	楽: 500, 楽: 500
たのしみ	楽しみ	楽: 500, 楽: 500
たのしむ	楽しむ	楽: 500, 楽: 500
よこ	横	横: 500, 横: 500
つぎ	次	次: 500, 次: 500
もくじ	目次	目: 500, 次: 500, 目: 500
つぎつぎ	次々	次: 500, 次: 500
とまる	止まる	止: 500, 止: 500
とめる	止める	止: 500, 止: 500
きゅうし	休止	休: 1000, 止: 500, 休: 1000
ただしい	正しい	正: 500, 正: 500
ただす	正す	正: 500, 正: 500
しょうじき	正直	正: 500, 直: 500, 正: 500
しぬ	死ぬ	死: 500, 死: 500
しぼう	死亡	死: 500, 亡: 1000, 死: 500
し	死	死: 500, 死: 500
し	〜氏	氏: 500
ちょうみん	町民	町: 500, 民: 500, 町: 500
のうみん	農民	農: 500, 民: 500, 農: 500
き	気	気: 500, 気: 500
てんき	天気	天: 1000, 気: 500, 天: 1000
くうき	空気	空: 500, 気: 500, 空: 500
かっき	活気	活: 500, 気: 500, 活: 500
でんき	電気	電: 500, 気: 500, 電: 500
びょうき	病気	病: 500, 気: 500, 病: 500
みず	水	水: 500, 水: 500
みずいろ	水色	水: 500, 色: 1000, 水: 500
すいせい	水星	水: 500, 星: 1000, 水: 500
すいどう	水道	水: 500, 道: 500, 水: 500
もとめる	求める	求: 500, 求: 500
ようきゅう	要求	要: 500, 求: 500, 要: 500
けつ	決	決: 500, 決: 500
きめる	決める	決: 500, 決: 500
みけつ	未決	未: 1000, 決: 500, 未: 1000
じけつ	自決	自: 500, 決: 500, 自: 500
きまる	決まる	決: 500, 決: 500
せいかつ	生活	生: 500, 活: 500, 生: 500
しせいかつ	私生活	私: 500, 生: 500, 活: 500, 私: 500
かつよう	活用	活: 500, 用: 500, 活: 500
うみ	海	海: 500, 海: 500
かいおうせい	海王星	海: 500, 王: 1000, 星: 1000, 海: 500
かいぎょ	海魚	海: 500, 魚: 1500, 海: 500
てん	点	点: 500, 点: 500
けってん	欠点	欠: 1000, 点: 500, 欠: 1000
じゃくてん	弱点	弱: 1000, 点: 500, 弱: 1000
つける	点ける	点: 500, 点: 500
ようてん	要点	要: 500, 点: 500, 要: 500
しゅうてん	終点	終: 500, 点: 500, 終: 500
もの	物	物: 500, 物: 500
せいぶつ	生物	生: 500, 物: 500, 生: 500
りゆう	理由	理: 500, 由: 500, 理: 500
うまれる	生まれる	生: 500, 生: 500
うむ	生む	生: 500, 生: 500
いきる	生きる	生: 500, 生: 500
なま	生	生: 500, 生: 500
はえる	生える	生: 500, 生: 500
うまれ	生まれ	生: 500, 生: 500
もちいる	用いる	用: 500, 用: 500
よう	用	用: 500, 用: 500
た	田	田: 500, 田: 500
じゆう	自由	自: 500, 由: 500, 自: 500
もうす	申す	申: 500, 申: 500
もうしもうし	申し申し	申: 500, 申: 500, 申: 500
おとこ	男	男: 500, 男: 500
まち	町	町: 500, 町: 500
ばんごう	番号	番: 500, 号: 1000, 番: 500
ばんぐみ	番組	番: 500, 組: 500, 番: 500
ばんごうふだ	番号札	番: 500, 号: 1000, 札: 1000, 番: 500
びょういん	病院	病: 500, 院: 500, 病: 500
びょう	〜病	病: 500
やむ	病む	病: 500, 病: 500
はつおん	発音	発: 500, 音: 500, 発: 500
はっけん	発見	発: 500, 見: 500, 発: 500
はっぴょう	発表	発: 500, 表: 500, 発: 500
かいはつ	開発	開: 500, 発: 500, 開: 500
しろ	白	白: 500, 白: 500
しろい	白い	白: 500, 白: 500
はくちょう	白鳥	白: 500, 鳥: 1500, 白: 500
しろくろ	白黒	白: 500, 黒: 1000, 白: 500
ひゃく	百	百: 500, 百: 500
め	目	目: 500, 目: 500
めだま	目玉	目: 500, 玉: 1000, 目: 500
ちょうめ	〜丁目	丁: 1500, 目: 500
かもく	科目	科: 1000, 目: 500, 科: 1000
なおす	直す	直: 500, 直: 500
なおる	直る	直: 500, 直: 500
ちょっこう	直行	直: 500, 行: 500, 直: 500
みなおす	見直す	見: 500, 直: 500, 見: 500
そうだん	相談	相: 500, 談: 500, 相: 500
けん	〜県	県: 500
しる	知る	知: 500, 知: 500
おしらせ	お知らせ	知: 500
いし	石	石: 500, 石: 500
ほうせき	宝石	宝: 1500, 石: 500, 宝: 1500
けんきゅう	研究	研: 500, 究: 500, 研: 500
けんきゅうしつ	研究室	研: 500, 究: 500, 室: 1000, 研: 500
しゃちょう	社長	社: 500, 長: 500, 社: 500
わたし	私	私: 500, 私: 500
しりつ	私立	私: 500, 立: 500, 私: 500
わたしじしん	私自身	私: 500, 自: 500, 身: 500, 私: 500
してつ	私鉄	私: 500, 鉄: 1000, 私: 500
そら	空	空: 500, 空: 500
くうしゃ	空車	空: 500, 車: 500, 空: 500
あおぞら	青空	青: 1000, 空: 500, 青: 1000
くうかん	空間	空: 500, 間: 500, 空: 500
たつ	立つ	立: 500, 立: 500
たてる	立てる	立: 500, 立: 500
じりつ	自立	自: 500, 立: 500, 自: 500
たちのみ	立ち飲み	立: 500, 飲: 1000, 立: 500
こたえ	答え	答: 500, 答: 500
こたえる	答える	答: 500, 答: 500
たしざん	足し算	足: 500, 算: 500, 足: 500
こめ	米	米: 500, 米: 500
おわる	終わる	終: 500, 終: 500
しゅうりょう	終了	終: 500, 了: 1000, 終: 500
くみ	組	組: 500, 組: 500
せんろ	線路	線: 500, 路: 1000, 線: 500
せん	線	線: 500, 線: 500
きょくせん	曲線	曲: 1000, 線: 500, 曲: 1000
うつくしい	美しい	美: 500, 美: 500
かんがえる	考える	考: 500, 考: 500
かんがえ	考え	考: 500, 考: 500
きく	聞く	聞: 500, 聞: 500
じてんしゃ	自転車	自: 500, 転: 500, 車: 500, 自: 500
おちる	落ちる	落: 500, 落: 500
あおば	青葉	青: 1000, 葉: 500, 青: 1000
は	葉	葉: 500, 葉: 500
いく	行く	行: 500, 行: 500
おこなう	行う	行: 500, 行: 500
ゆき	行き	行: 500, 行: 500
そうこう	走行	走: 1000, 行: 500, 走: 1000
しんこう	進行	進: 500, 行: 500, 進: 500
あらわす	表す	表: 500, 表: 500
おもて	表	表: 500, 表: 500
にし	西	西: 500, 西: 500
じゅうよう	重要	重: 500, 要: 500, 重: 500
いる	要る	要: 500, 要: 500
はなみ	花見	花: 1000, 見: 500, 花: 1000
みる	見る	見: 500, 見: 500
みえる	見える	見: 500, 見: 500
みせる	見せる	見: 500, 見: 500
おや	親	親: 500, 親: 500
したしい	親しい	親: 500, 親: 500
しんゆう	親友	親: 500, 友: 1000, 親: 500
いう	言う	言: 500, 言: 500
げんご	言語	言: 500, 語: 500, 言: 500
こころみる	試みる	試: 500, 試: 500
ししょく	試食	試: 500, 食: 500, 試: 500
しけん	試験	試: 500, 験: 500, 試: 500
はなす	話す	話: 500, 話: 500
でんわ	電話	電: 500, 話: 500, 電: 500
はなし	話	話: 500, 話: 500
ふらんすご	フランス語	語: 500
すぺいんご	スペイン語	語: 500
かたる	語る	語: 500, 語: 500
しらべる	調べる	調: 500, 調: 500
まける	負ける	負: 500, 負: 500
おきる	起きる	起: 500, 起: 500
たりる	足りる	足: 500, 足: 500
あし	足	足: 500, 足: 500
あしくび	足首	足: 500, 首: 500, 足: 500
たりない	足りない	足: 500, 足: 500
たす	足す	足: 500, 足: 500
み	身	身: 500, 身: 500
くるま	車	車: 500, 車: 500
でんしゃ	電車	電: 500, 車: 500, 電: 500
ころがる	転がる	転: 500, 転: 500
うんてんする	運転する	運: 500, 転: 500, 運: 500
てんそう	転送	転: 500, 送: 500, 転: 500
あたり	辺り	辺: 500, 辺: 500
このへん	この辺	辺: 500
へん	辺	辺: 500, 辺: 500
ちかい	近い	近: 500, 近: 500
ちかぢか	近々	近: 500, 近: 500
ちかく	近く	近: 500, 近: 500
ちかづく	近づく	近: 500, 近: 500
ちかみち	近道	近: 500, 道: 500, 近: 500
おくる	送る	送: 500, 送: 500
とおる	通る	通: 500, 通: 500
とおり	通り	通: 500, 通: 500
とおす	通す	通: 500, 通: 500
すすむ	進む	進: 500, 進: 500
はこぶ	運ぶ	運: 500, 運: 500
うんがいい	運がいい	運: 500, 運: 500
みち	道	道: 500, 道: 500
ほどう	歩道	歩: 1000, 道: 500, 歩: 1000
どう	〜道	道: 500
どうぐ	道具	道: 500, 具: 1000, 道: 500
どうろ	道路	道: 500, 路: 1000, 道: 500
へや	部屋	部: 500, 屋: 1000, 部: 500
ぶ	〜部	部: 500
ぶしつ	部室	部: 500, 室: 1000, 部: 500
ぶしゅ	部首	部: 500, 首: 500, 部: 500
くばる	配る	配: 500, 配: 500
おもい	重い	重: 500, 重: 500
きん	金	金: 500, 金: 500
きんたま	金玉	金: 500, 玉: 1000, 金: 500
おかね	お金	金: 500
きんせい	金星	金: 500, 星: 1000, 金: 500
きんぎょ	金魚	金: 500, 魚: 1500, 金: 500
しゅうきん	集金	集: 500, 金: 500, 集: 500
ながい	長い	長: 500, 長: 500
ながさ	長さ	長: 500, 長: 500
あける	開ける	開: 500, 開: 500
あいだ	間	間: 500, 間: 500
かん	〜間	間: 500
まもなく	間もなく	間: 500, 間: 500
あつめる	集める	集: 500, 集: 500
でんち	電池	電: 500, 池: 1000, 電: 500
でんてつ	電鉄	電: 500, 鉄: 1000, 電: 500
おと	音	音: 500, 音: 500
あたま	頭	頭: 500, 頭: 500
たべる	食べる	食: 500, 食: 500
くび	首	首: 500, 首: 500
くびになる	首になる	首: 500, 首: 500
たかい	高い	高: 500, 高: 500
たかさ	高さ	高: 500, 高: 500
まる	丸	丸: 1000, 丸: 1000
まるい	丸い	丸: 1000, 丸: 1000
まるごと	丸ごと	丸: 1000, 丸: 1000
なくなる	亡くなる	亡: 1000, 亡: 1000
ほか	他	他: 1000, 他: 1000
やすみ	休み	休: 1000, 休: 1000
やすむ	休む	休: 1000, 休: 1000
ふゆやすみ	冬休み	冬: 1500, 休: 1000, 冬: 1500
なつやすみ	夏休み	夏: 1000, 休: 1000, 夏: 1000
ひかり	光	光: 1000, 光: 1000
ひかる	光る	光: 1000, 光: 1000
ふるい	古い	古: 1000, 古: 1000
みぎ	右	右: 1000, 右: 1000
さゆう	左右	左: 1000, 右: 1000, 左: 1000
ごう	号	号: 1000, 号: 1000
ごうしつ	〜号室	号: 1000, 室: 1000
きみ	君	君: 1000, 君: 1000
くん	〜君	君: 1000
ず	図	図: 1000, 図: 1000
なつ	夏	夏: 1000, 夏: 1000
ゆうべ	夕べ	夕: 1000, 夕: 1000
てん	天	天: 1000, 天: 1000
てんさい	天才	天: 1000, 才: 1500, 天: 1000
ふとい	太い	太: 1000, 太: 1000
ふとる	太る	太: 1000, 太: 1000
おきゃくさん	お客さん	客: 1000
きゃくしつ	客室	客: 1000, 室: 1000, 客: 1000
しつ	〜室	室: 1000
や	〜屋	屋: 1000
にくや	肉屋	肉: 1000, 屋: 1000, 肉: 1000
ちゃや	茶屋	茶: 1500, 屋: 1000, 茶: 1500
さかなや	魚屋	魚: 1500, 屋: 1000, 魚: 1500
ひだり	左	左: 1000, 左: 1000
よわい	弱い	弱: 1000, 弱: 1000
よわむし	弱虫	弱: 1000, 虫: 1500, 弱: 1000
よわよわしい	弱々しい	弱: 1000, 弱: 1000
と	戸	戸: 1000, 戸: 1000
ほし	星	星: 1000, 星: 1000
きょく	曲	曲: 1000, 曲: 1000
まがる	曲がる	曲: 1000, 曲: 1000
まげる	曲げる	曲: 1000, 曲: 1000
ふく	服	服: 1000, 服: 1000
まだ	未だ	未: 1000, 未: 1000
さつ	〜札	札: 1000
ふだ	札	札: 1000, 札: 1000
はやし	林	林: 1000, 林: 1000
もり	森	森: 1000, 森: 1000
かける	欠ける	欠: 1000, 欠: 1000
かかす	欠かす	欠: 1000, 欠: 1000
うた	歌	歌: 1000, 歌: 1000
あるく	歩く	歩: 1000, 歩: 1000
はは	母	母: 1000, 母: 1000
おかあさん	お母さん	母: 1000
いけ	池	池: 1000, 池: 1000
ひ	火	火: 1000, 火: 1000
はなび	花火	花: 1000, 火: 1000, 花: 1000
ちち	父	父: 1000, 父: 1000
おとうさん	お父さん	父: 1000
たま	玉	玉: 1000, 玉: 1000
たまねぎ	玉ねぎ	玉: 1000, 玉: 1000
びーだま	ビー玉	玉: 1000
おう	王	王: 1000, 王: 1000
たけ	竹	竹: 1000, 竹: 1000
かみ	紙	紙: 1000, 紙: 1000
え	絵	絵: 1000, 絵: 1000
はね	羽	羽: 1000, 羽: 1000
ならう	習う	習: 1000, 習: 1000
にく	肉	肉: 1000, 肉: 1000
ぎゅうにく	牛肉	牛: 1500, 肉: 1000, 牛: 1500
ひにく	皮肉	皮: 1500, 肉: 1000, 皮: 1500
ふね	船	船: 1000, 船: 1000
ふうせん	風船	風: 1000, 船: 1000, 風: 1000
いろ	色	色: 1000, 色: 1000
いろいろ	色々	色: 1000, 色: 1000
ちゃいろ	茶色	茶: 1500, 色: 1000, 茶: 1500
きいろ	黄色	黄: 1500, 色: 1000, 黄: 1500
はな	花	花: 1000, 花: 1000
にがい	苦い	苦: 1000, 苦: 1000
くるしい	苦しい	苦: 1000, 苦: 1000
くさ	草	草: 1000, 草: 1000
ち	血	血: 1000, 血: 1000
かく	角	角: 1000, 角: 1000
よむ	読む	読: 1000, 読: 1000
たに	谷	谷: 1000, 谷: 1000
かう	買う	買: 1000, 買: 1000
あか	赤	赤: 1000, 赤: 1000
あかちゃん	赤ちゃん	赤: 1000, 赤: 1000
あかい	赤い	赤: 1000, 赤: 1000
はしる	走る	走: 1000, 走: 1000
かるい	軽い	軽: 1000, 軽: 1000
かえす	返す	返: 1000, 返: 1000
はやい	速い	速: 1000, 速: 1000
あめ	雨	雨: 1000, 雨: 1000
あおい	青い	青: 1000, 青: 1000
かお	顔	顔: 1000, 顔: 1000
かぜ	風	風: 1000, 風: 1000
のむ	飲む	飲: 1000, 飲: 1000
うま	馬	馬: 1000, 馬: 1000
くろい	黒い	黒: 1000, 黒: 1000
かりに	仮に	仮: 1500, 仮: 1500
あに	兄	兄: 1500, 兄: 1500
きょうだい	兄弟	兄: 1500, 弟: 1500, 兄: 1500
おにいさん	お兄さん	兄: 1500
ふゆ	冬	冬: 1500, 冬: 1500
しまい	姉妹	姉: 1500, 妹: 1500, 姉: 1500
いもうと	妹	妹: 1500, 妹: 1500
おねえさん	お姉さん	姉: 1500
あね	姉	姉: 1500, 姉: 1500
たから	宝	宝: 1500, 宝: 1500
たからくじ	宝くじ	宝: 1500, 宝: 1500
おとうと	弟	弟: 1500, 弟: 1500
さい	〜才	才: 1500
け	毛	毛: 1500, 毛: 1500
けむし	毛虫	毛: 1500, 虫: 1500, 毛: 1500
けいと	毛糸	毛: 1500, 糸: 1500, 毛: 1500
ようもう	羊毛	羊: 2000, 毛: 1500, 羊: 2000
こおり	氷	氷: 1500, 氷: 1500
かきごおり	かき氷	氷: 1500
およぐ	泳ぐ	泳: 1500, 泳: 1500
およぎ	泳ぎ	泳: 1500, 泳: 1500
うし	牛	牛: 1500, 牛: 1500
いぬ	犬	犬: 1500, 犬: 1500
かわ	皮	皮: 1500, 皮: 1500
や	矢	矢: 1500, 矢: 1500
おれい	お礼	礼: 1500
いと	糸	糸: 1500, 糸: 1500
みみ	耳	耳: 1500, 耳: 1500
おちゃ	お茶	茶: 1500
むし	虫	虫: 1500, 虫: 1500
おさけ	お酒	酒: 1500
さと	里	里: 1500, 里: 1500
ゆき	雪	雪: 1500, 雪: 1500
くも	雲	雲: 1500, 雲: 1500
さかな	魚	魚: 1500, 魚: 1500
とり	鳥	鳥: 1500, 鳥: 1500
なく	鳴く	鳴: 1500, 鳴: 1500
かたな	刀	刀: 2000, 刀: 2000
また	又	又: 2000, 又: 2000
さら	皿	皿: 2000, 皿: 2000
ひつじ	羊	羊: 2000, 羊: 2000
かい	貝	貝: 2000, 貝: 2000
むぎ	麦	麦: 2000, 麦: 2000
きん	〜斤	斤: None